x1,x2,x3,x4,x5,x6,x7,x8,x9,x10,Target_Class
0.0532,0.023256,0.064626,0,0.071895,0.666667,0.378378,0.053195,0.104167,0,Bronze
0.006875,0,0.030612,0.032609,0.077342,1,0.459459,0.006703,0,0.057143,Bronze
0.015282,0.767442,0.088435,0.652174,0.399782,0.333333,0.702703,0.005828,0.364583,0.4,Bronze
0.002147,0.802326,0.911565,0.467391,0.993464,0.666667,0.891892,0.00252,0.354167,0.757143,Platinum
0.013396,0.662791,0.142857,0.597826,0.265795,0.666667,0.702703,0.013041,0.03125,0.3,Bronze
0.02297,0.802326,0.227891,0.467391,0.799564,0.333333,0.891892,0.022651,0.010417,0.385714,Bronze
0.130856,1,0.142857,0.652174,0.64488,0.333333,0.702703,0.130522,0.947917,0.557143,Silver
0.004506,0.837209,0.44898,0.391304,0.757081,0,0.702703,0.002407,0.020833,0.471429,Silver
0.004897,0.872093,0.360544,0.652174,0.411765,0.333333,0.837838,0.005309,0.625,0.557143,Silver
0.009959,1,0.221088,0.880435,0.486928,0.333333,0.513514,0.010373,0.78125,0.571429,Silver
0.000976,1,0.506803,0.695652,0.831155,0.666667,0.513514,0.001398,0.416667,0.771429,Platinum
0.020139,0.813953,0.459184,0.467391,0.714597,0.666667,0.891892,0.020049,0.635417,0.557143,Silver
0.002765,0.802326,0.336735,0.467391,0.814815,0.666667,0.648649,0.003008,0.114583,0.528571,Silver
0.083525,0.488372,0.078231,0.173913,0.339869,0.333333,0.594595,0.082749,0.333333,0.2,Bronze
0.004181,0.837209,0.411565,0.695652,0.857298,0.666667,0.783784,0.004602,0.020833,0.557143,Silver
0.007597,0.837209,0.268707,0.695652,0.657952,0.666667,0.594595,0.007529,0.010417,0.442857,Silver
0.00244,1,0.119048,0.913043,0.836601,1,0.702703,0.002038,0.09375,0.642857,Gold
0.006279,1,0.619048,0.826087,0.706972,1,0.783784,0.006716,0.416667,0.7,Gold
0.002375,0.802326,0.721088,0.282609,0.879085,0.333333,0.837838,0.002618,0.416667,0.642857,Gold
0.013632,0.837209,0.102041,0.543478,0.406318,0.333333,0.594595,0.008797,0.010417,0.3,Bronze
0.030173,1,0.210884,0.793478,0.579521,0.333333,0.702703,0.030417,0.885417,0.585714,Gold
0.00422,1,0.081633,0.923913,0.735294,1,0.702703,0.002376,0.083333,0.585714,Gold
0.003742,1,0.071429,0.695652,0.734205,0.333333,0.702703,0.001382,0.322917,0.585714,Gold
0.014745,0.918605,0.193878,0.793478,0.196078,0.333333,0.594595,0.011369,0.989583,0.528571,Silver
0.002115,0.837209,0.217687,0.543478,0.762527,0.333333,0.702703,0.00239,0.385417,0.571429,Silver
0.036322,0.883721,0.156463,0.684783,0.428105,0.333333,0.297297,0.036225,0.083333,0.314286,Bronze
0.000813,1,0.180272,0.826087,0.799564,1,0.459459,0.001024,0.9375,0.857143,Platinum
0.144011,0.593023,0.02381,0.467391,0.369281,1,0.702703,0.144311,0.65625,0.371429,Bronze
0.011387,0.976744,0.57483,0.826087,0.733115,1,0.702703,0.011529,0.072917,0.585714,Gold
0.029329,0.988372,0.020408,0.945652,0.072985,0.333333,0.567568,0.015244,0.979167,0.5,Silver
0.225073,0.162791,0.013605,0.152174,0.262527,0.333333,0.297297,0.22386,0.041667,0.028571,Bronze
0.002733,1,1,0.826087,0.976035,1,0.702703,0.002585,0.104167,0.814286,Platinum
0.001855,1,0.319728,0.652174,0.79085,0.333333,0.702703,0.002293,0.395833,0.657143,Gold
0.004007,0.895349,0.142857,0.826087,0.77342,0.333333,0.432432,0.003236,0.895833,0.657143,Gold
0.002755,1,0.445578,0.858696,0.851852,0.333333,0.594595,0.003189,0.927083,0.785714,Platinum
0.002642,1,0.414966,0.793478,0.793028,0.333333,0.594595,0.003067,0.885417,0.757143,Platinum
0.031062,0.988372,0.02381,0.945652,0.35512,0.333333,0.432432,0.026209,0.958333,0.528571,Silver
0.002269,0.523256,0.360544,0.532609,0.964052,0.666667,0.702703,0.002602,0.03125,0.528571,Silver
0.00854,1,0.020408,0.695652,0.571895,0.333333,0.513514,0.008959,0.96875,0.557143,Silver
0.013193,0.837209,0.265306,0.695652,0.527233,0.666667,0.594595,0.011285,0.114583,0.428571,Bronze
0.002575,0.197674,0.091837,0.043478,0.846405,0.333333,0.837838,0.002915,0.03125,0.285714,Bronze
0.07649,1,0.003401,0.652174,0.523965,0.333333,0.702703,0.076798,0.322917,0.385714,Bronze
0.006247,0.453488,0.068027,0.25,0.640523,0.333333,0.702703,0.00639,0.072917,0.271429,Bronze
0.004132,1,0.078231,0.695652,0.660131,0.333333,0.702703,0.004537,0.395833,0.528571,Silver
0.019066,1,0.336735,0.652174,0.775599,0.333333,0.702703,0.016244,0.364583,0.528571,Silver
0.001789,0.837209,0.414966,0.543478,0.811547,0.333333,0.594595,0.002114,0.09375,0.571429,Silver
0.041092,1,0.210884,0.652174,0.665577,0.333333,0.702703,0.04148,0.416667,0.485714,Silver
0.033533,0.372093,0.136054,0.217391,0.330065,0.666667,0.945946,0.033757,0.09375,0.2,Bronze
0.130437,0.72093,0.006803,0.597826,0.492375,0.333333,0.108108,0.012312,0.322917,0.3,Bronze
0.01033,1,0.414966,0.695652,0.615468,0.666667,0.459459,0.01039,0.583333,0.585714,Gold
0.038286,0.732558,0.112245,0.652174,0.412854,0.666667,0.594595,0.038675,0.052083,0.314286,Bronze
0.006092,0.744186,0.221088,0.652174,0.632898,0.666667,0.702703,0.003667,0.9375,0.614286,Gold
0.006084,1,0.017007,0.771739,0.551198,0.333333,0.702703,0.005569,0.364583,0.485714,Silver
0.002977,1,0.068027,0.695652,0.810458,0.333333,0.702703,0.003415,0.979167,0.685714,Gold
0.024148,0.44186,0.054422,0.380435,0.180828,0.666667,0.594595,0.00649,0.958333,0.357143,Bronze
0.015788,0.488372,0.132653,0.402174,0.334423,1,0.837838,0.01574,0.645833,0.385714,Bronze
0.024117,1,0.030612,0.956522,0.127451,0.333333,0.648649,0.002397,0.916667,0.542857,Silver
0.008069,1,0.479592,0.858696,0.539216,1,0.702703,0.008472,0.104167,0.571429,Silver
0.004515,0.476744,0.204082,0.51087,0.713508,0.666667,0.351351,0.00146,0.9375,0.585714,Gold
0.065204,0.94186,0.030612,0.641304,0.038126,1,0.513514,0.045069,0.03125,0.271429,Bronze
0.002896,1,0.333333,0.652174,0.602396,0.666667,0.189189,0.001187,0.385417,0.614286,Gold
0.002765,0.837209,0.496599,0.695652,0.828976,0.666667,0.702703,0.003138,0.104167,0.614286,Gold
0.033527,1,0.071429,0.695652,0.575163,0.333333,0.702703,0.03335,0.354167,0.428571,Bronze
0.023335,0.465116,0.139456,0.086957,0.123094,0.666667,0.702703,0.022605,0.322917,0.185714,Bronze
0.002351,1,0.02381,0.771739,0.708061,0.333333,0.189189,0.002732,0.03125,0.471429,Silver
0.00497,1,0.013605,0.771739,0.59695,0.333333,0.702703,0.00539,0.072917,0.442857,Silver
1,0.94186,0,0.978261,0.557734,0.666667,0.459459,1,0.927083,0.557143,Silver
0.009148,0.697674,0.07483,0.413043,0.473856,0,0.675676,0.004564,0.010417,0.271429,Bronze
0.00314,1,0.027211,0.695652,0.783224,0.333333,0.594595,0.003545,0.947917,0.657143,Gold
0.005824,1,0.833333,0.826087,0.80719,1,0.783784,0.006228,0.90625,0.857143,Platinum
0.005531,0.837209,0.170068,0.543478,0.662309,0.333333,0.702703,0.002732,1,0.614286,Gold
0.002351,1,0.20068,0.934783,0.867102,0.333333,0.648649,0.002775,0.364583,0.671429,Gold
0.00423,1,0.380952,0.826087,0.619826,1,0.783784,0.004634,0.916667,0.757143,Platinum
0.006409,0.488372,0.115646,0.467391,0.617647,0.333333,0.513514,0.002401,0.09375,0.342857,Bronze
0.005648,1,0.183673,0.684783,0.398693,0.333333,0.783784,0.00494,0.072917,0.428571,Bronze
0.002131,1,0.095238,0.695652,0.82244,0.333333,0.702703,0.001333,0.322917,0.628571,Gold
0.002609,1,0.554422,0.793478,0.907407,0.333333,0.702703,0.003041,0.958333,0.828571,Platinum
0.097817,0.837209,0.091837,0.695652,0.64597,0.666667,0.594595,0.098099,0.010417,0.357143,Bronze
0.004994,0.744186,0.272109,0.652174,0.657952,0.666667,0.702703,0.003455,0.0625,0.471429,Silver
0.005319,1,0.020408,0.771739,0.624183,0.333333,0.702703,0.00226,0.34375,0.528571,Silver
0.001965,1,0.557823,0.793478,0.909586,0.333333,0.378378,0.002403,0.9375,0.814286,Platinum
0.007681,0.627907,0.064626,0.478261,0.030501,0.333333,0.648649,0.00713,0.895833,0.371429,Bronze
0.012559,0.802326,0.670068,0.467391,0.824619,0.666667,0.459459,0.01296,0.0625,0.485714,Silver
0.012331,0.534884,0.159864,0.543478,0.147059,0.666667,0.432432,0.009884,0.958333,0.414286,Bronze
0.053128,0.965116,0.081633,0.467391,0.138344,1,0.783784,0.053453,0.385417,0.357143,Bronze
0.054169,1,0.017007,0.73913,0.504357,0.333333,0.594595,0.054522,0.979167,0.528571,Silver
0.002071,0.953488,0.078231,0.467391,0.833333,0.666667,0.891892,0.002011,0.104167,0.557143,Silver
0.000813,0.813953,0.258503,0.467391,0.777778,0.333333,0.783784,0.001187,0.375,0.642857,Gold
0.005618,0.953488,0.238095,0.880435,0.544662,1,0.594595,0.003854,0.104167,0.542857,Silver
0.841879,0.965116,0.02381,0.467391,0.664488,0.333333,0.702703,0.841949,0.322917,0.371429,Bronze
0.002834,1,0.377551,0.934783,0.796296,1,0.594595,0.002181,0.395833,0.728571,Platinum
0.009598,0.848837,0.044218,0.543478,0.558824,0.333333,0.594595,0.008277,0.385417,0.4,Bronze
0.001174,0.337209,0.340136,0.478261,0.995643,1,0.837838,0.001088,0.020833,0.585714,Gold
0.003676,1,0.071429,0.695652,0.760349,0.333333,0.702703,0.004098,0.916667,0.657143,Gold
0.012978,1,0.27551,0.858696,0.433551,0.333333,0.513514,0.013404,0.9375,0.6,Gold
0.010689,1,0.272109,0.891304,0.237473,0.333333,0.432432,0.011118,0.625,0.5,Silver
0,0.802326,0.921769,0.467391,0.996732,0.666667,0.891892,0.000374,0.59375,1,Platinum
0.035179,0.616279,0.115646,0.282609,0.582789,0.333333,0.378378,0.034976,0,0.214286,Bronze
0.004913,1,0.530612,0.826087,0.558824,1,0.702703,0.004244,0.020833,0.585714,Gold
0.005868,1,0.367347,0.880435,0.617647,0.333333,0.513514,0.006304,0.958333,0.685714,Gold
0.019879,0.488372,0.214286,0.282609,0.381264,0.666667,0.837838,0.02013,0.635417,0.357143,Bronze
0.001959,1,0.615646,0.793478,0.940087,0.333333,0.702703,0.002377,0.9375,0.857143,Platinum
0.003274,1,0.401361,0.847826,0.748366,0.333333,0.702703,0.003695,0.90625,0.742857,Platinum
0.002808,0.546512,0.272109,0.445652,0.78976,0,0.702703,0.001728,0.96875,0.614286,Gold
0.021985,1,0.05102,0.978261,0,0.666667,0.837838,0.021851,0.041667,0.357143,Bronze
0.009191,1,0.554422,0.858696,0.642702,1,0.594595,0.008748,0.958333,0.757143,Platinum
0.090115,0.686047,0.037415,0.423913,0.255991,0,0.702703,0.071542,0.916667,0.342857,Bronze
0.0026,1,0.401361,0.891304,0.851852,0.333333,0.648649,0.003021,0.989583,0.8,Platinum
0.004002,1,0.367347,0.793478,0.62963,0.333333,0.108108,0.003691,0.916667,0.657143,Gold
0.003221,1,0.836735,0.543478,0.918301,0.333333,0.945946,0.003642,0.020833,0.657143,Gold
0.008524,1,0.187075,0.891304,0.424837,1,0.594595,0.005886,0.0625,0.485714,Silver
0.001057,0.837209,0.602041,0.695652,0.868192,0.666667,0.594595,0.001366,0,0.685714,Gold
0.003886,0.604651,0.068027,0.554348,0.62854,0.666667,0.459459,0.004109,0.114583,0.385714,Bronze
0.00594,0.569767,0.221088,0.543478,0.610022,0.666667,0.783784,0.003264,0.333333,0.471429,Silver
0.032503,1,0.238095,0.652174,0.599129,0.333333,0.702703,0.031204,0.40625,0.471429,Silver
0.001311,0.05814,0.170068,0,0.923747,0.333333,0.567568,0.001542,0.010417,0.328571,Bronze
0.00428,0.44186,0.034014,0.456522,0.755991,0,0.567568,0.003454,0.885417,0.471429,Silver
0.004685,1,0.071429,0.652174,0.61329,0.333333,0.702703,0.003756,0.916667,0.614286,Gold
0.003431,1,0.248299,0.967391,0.830065,1,0.648649,0.002239,0.375,0.714286,Gold
0.008557,1,0.139456,0.815217,0.91939,0.333333,0.756757,0.008917,0.072917,0.514286,Silver
0.015747,1,0.095238,0.902174,0.152505,0.333333,0.297297,0.013073,0.395833,0.4,Bronze
0.002835,0.825581,0.098639,0.597826,0.43573,0.333333,0.675676,0.003244,0.114583,0.414286,Bronze
0.00366,0.837209,0.411565,0.695652,0.694989,0.666667,0.702703,0.003968,0.010417,0.528571,Silver
0.043743,0.674419,0.122449,0.391304,0.495643,0.333333,0.702703,0.038684,0.385417,0.328571,Bronze
0.00087,1,0.493197,0.880435,0.867102,0.333333,0.594595,0.001071,0.885417,0.9,Platinum
0.01412,0.802326,0.612245,0.467391,0.798475,0.666667,0.891892,0.010488,0.96875,0.671429,Gold
0.004425,0.802326,0.612245,0.467391,0.713508,0.666667,0.702703,0.004797,0.0625,0.528571,Silver
0.00394,1,0.346939,0.858696,0.760349,0.333333,0.594595,0.004143,0.927083,0.728571,Platinum
0.092058,0.709302,0.006803,0.771739,0.433551,0.333333,0.702703,0.092454,0.989583,0.471429,Silver
0.011452,0.488372,0.261905,0.402174,0.411765,0.666667,0.702703,0.011358,0.072917,0.3,Bronze
0.302826,0.755814,0.027211,0.73913,0.640523,0.666667,0.810811,0.302861,0.96875,0.542857,Silver
0.011843,1,0.27551,0.652174,0.672113,0.333333,0.702703,0.012277,0.395833,0.514286,Silver
0.002989,0.55814,0.27551,0.423913,0.688453,0.333333,0.594595,0.000403,1,0.671429,Gold
0.003459,0.569767,0.612245,0.336957,0.835512,0.666667,0.891892,0.003886,0.010417,0.5,Silver
0.014259,0.906977,0.163265,0.76087,0.194989,0.333333,0.675676,0.01248,0.9375,0.514286,Silver
0.003611,1,0,0.902174,0.589325,0.333333,0.432432,0.002,0.895833,0.642857,Gold
0.015765,0.081395,0.20068,0.054348,0.141612,0.333333,0.432432,0.015953,0.59375,0.157143,Bronze
0.008723,0.069767,0.20068,0.032609,0.142702,0.636364,0.216216,0.009149,0.583333,0.171429,Bronze
0.002668,0.337209,0.044218,0.206522,0.220044,0.666667,0.540541,0.002969,0.364583,0.285714,Bronze
0.001822,1,0.040816,0.652174,0.64488,0.333333,0.702703,0.001154,0.0625,0.542857,Silver
0.017374,1,0.017007,0.771739,0.537037,0.333333,0.594595,0.017773,0.427083,0.442857,Silver
0.004078,0.453488,0.030612,0.217391,0.630719,0.666667,0.378378,0.001686,0.875,0.471429,Silver
0.006946,1,0.343537,0.923913,0.205882,0.333333,0.513514,0.007155,0.364583,0.485714,Silver
0.002963,1,0.455782,0.956522,0.832244,1,0.432432,0.002583,0.6875,0.785714,Platinum
0.010597,0.534884,0.139456,0.478261,0.633987,0.333333,0.513514,0.006195,0.0625,0.314286,Bronze
0.001059,0.034884,0.309524,0.065217,0.937908,1,0.378378,0.001473,0.010417,0.4,Bronze
0.06045,0.581395,0.119048,0.336957,0.832244,0.666667,0.459459,0.060743,0.6875,0.414286,Bronze
0.01129,0.802326,0.534014,0.467391,0.694989,0.333333,0.837838,0.011659,0.052083,0.442857,Silver
0.00584,0.674419,0.363946,0.391304,0.747277,0.666667,0.378378,0.006016,0.020833,0.4,Bronze
0.003865,1,0.37415,0.793478,0.6122,0.333333,0.108108,0.003633,0.927083,0.657143,Gold
0.002277,0.837209,0.221088,0.543478,0.770153,0.333333,0.702703,0.002634,0.375,0.557143,Silver
0.004262,0.488372,0.268707,0.282609,0.553377,0.666667,0.891892,0.004569,0.0625,0.357143,Bronze
0.005759,1,0.29932,0.652174,0.652505,0.333333,0.783784,0.002976,0.40625,0.571429,Silver
0.099492,1,0.176871,0.652174,0.636166,0.333333,0.783784,0.099888,0.333333,0.457143,Silver
0.006626,0.860465,0.044218,0.597826,0.489107,0.333333,0.675676,0.005415,0.083333,0.371429,Bronze
0.003904,1,0.397959,0.956522,0.515251,1,0.459459,0.0042,0.052083,0.571429,Silver
0.021083,0.837209,0.173469,0.695652,0.557734,1,0.702703,0.013512,0.041667,0.414286,Bronze
0.004479,0.465116,0.183673,0.456522,0.382353,0,0.459459,0.003909,0.927083,0.428571,Bronze
0.004045,1,0.360544,0.858696,0.655773,0.333333,0.216216,0.003279,0.947917,0.7,Gold
0.009273,0.674419,0.408163,0.23913,0.542484,0.333333,0.513514,0.009642,0.010417,0.314286,Bronze
0.017483,0.162791,0.034014,0.097826,0.176471,0.666667,0.297297,0.00489,0.90625,0.242857,Bronze
0.011145,1,0.180272,0.923913,0.345316,0.333333,0.432432,0.011568,0.927083,0.571429,Silver
0.014032,0.453488,0.091837,0.434783,0.033769,0.333333,0.432432,0.013309,0.96875,0.314286,Bronze
0.002085,1,0.292517,0.880435,0.866013,0.333333,0.513514,0.00252,0.916667,0.771429,Platinum
0.008329,1,0.040816,0.793478,0.534858,0.333333,0.594595,0.007854,0.947917,0.585714,Gold
0.011713,1,0.544218,0.826087,0.696078,1,0.702703,0.012147,0.114583,0.585714,Gold
0.009717,0.860465,0.098639,0.467391,0.436819,0.333333,0.594595,0.006336,0.052083,0.328571,Bronze
0.008833,0.674419,0.187075,0.391304,0.540305,0.666667,0.108108,0.009122,0.083333,0.3,Bronze
0.006165,0.837209,0.44898,0.391304,0.701525,0,0.702703,0.004244,0.40625,0.5,Silver
0.001069,1,0.244898,0.826087,0.889978,0.666667,0.459459,0.001494,0.59375,0.771429,Platinum
0.004869,1,0.244898,0.880435,0.54902,1,0.675676,0.001686,0.083333,0.585714,Gold
0.006224,0.55814,0.054422,0.358696,0.550109,0,0.702703,0.00388,0.989583,0.457143,Silver
0.017439,0.965116,0.591837,0.826087,0.812636,1,0.702703,0.01787,0.0625,0.585714,Gold
0.025215,1,0.258503,0.771739,0.496732,0.333333,0.513514,0.01039,0.958333,0.585714,Gold
0.007532,0.837209,0.353741,0.695652,0.647059,0.666667,0.702703,0.004716,0.010417,0.485714,Silver
0.001855,0.802326,0.908163,0.282609,0.988017,0.333333,0.756757,0.002163,0.0625,0.642857,Gold
0.004945,0.767442,0.027211,0.532609,0.655773,0.333333,0.594595,0.002439,0.40625,0.457143,Silver
0.01193,1,0.142857,0.73913,0.492375,0.333333,0.594595,0.010358,0.916667,0.571429,Silver
0.004734,0.837209,0.418367,0.695652,0.523965,0.666667,0.594595,0.005106,0.072917,0.485714,Silver
0.011051,1,0.306122,0.880435,0.476035,1,0.702703,0.011453,0.03125,0.5,Silver
0.01724,0.965116,0.061224,0.902174,0.399782,0.333333,0.297297,0.016582,0.979167,0.528571,Silver
0.003991,1,0.119048,0.73913,0.653595,0.333333,0.702703,0.00277,1,0.671429,Gold
0.008231,0.744186,0.197279,0.652174,0.461874,0.666667,0.702703,0.003683,0.03125,0.4,Bronze
0.002391,1,0.020408,0.695652,0.700436,0.333333,0.594595,0.002829,0.927083,0.657143,Gold
0.102746,1,0,0.956522,0.557734,0.333333,0.648649,0.00252,0.9375,0.614286,Gold
0.005629,1,0,0.902174,0.557734,0.333333,0.432432,0.006065,0.979167,0.6,Gold
0.013254,1,0.047619,1,0.020697,1,0.378378,0.013176,0.083333,0.371429,Bronze
0.004366,1,0.020408,0.902174,0.643791,1,0.297297,0.003112,0.364583,0.571429,Silver
0.011341,0.360465,0.064626,0.195652,0.299564,0.666667,0.459459,0.011185,0,0.142857,Bronze
0.002147,0.813953,0.136054,0.467391,0.639434,0.333333,0.702703,0.002553,0.041667,0.442857,Silver
0.004945,0.802326,0.785714,0.467391,0.818083,0.666667,0.837838,0.005285,0.614583,0.685714,Gold
0.001757,1,0.394558,0.652174,0.858388,0.333333,0.702703,0.001984,0.0625,0.628571,Gold
0.004375,1,0.312925,0.880435,0.553377,0.333333,0.216216,0.003295,0.90625,0.657143,Gold
0.002451,1,0.010204,0.73913,0.729847,0.333333,0.594595,0.002856,0.65625,0.614286,Gold
0.003481,0.802326,0.418367,0.282609,1,0.333333,0.945946,0.003724,0.09375,0.528571,Silver
0.002245,1,0.931973,0.467391,0.943355,0.333333,0.702703,0.002488,0.65625,0.8,Platinum
0.038424,1,0.105442,0.695652,0.51634,0.333333,0.702703,0.037383,0.927083,0.542857,Silver
0.012774,0.651163,0.030612,0.456522,0.680828,0.333333,0.297297,0.001059,0.958333,0.528571,Silver
0.065217,0.569767,0.010204,0.336957,0.488017,0.666667,0.891892,0.065624,0.677083,0.357143,Bronze
0.002343,1,0.792517,0.826087,0.894336,1,0.783784,0.002585,0.604167,0.857143,Platinum
0.030323,1,0.462585,0.826087,0.750545,1,0.702703,0.030033,0,0.542857,Silver
0.005466,0.802326,0.690476,0.467391,0.776688,0.333333,0.891892,0.005805,0.427083,0.6,Gold
0.003872,1,0.078231,0.73913,0.698257,0.666667,0.702703,0.003051,0.916667,0.685714,Gold
0.017835,0.581395,0.173469,0.565217,0.700436,0.666667,0.513514,0.016412,0.625,0.457143,Silver
0.001382,0.546512,0.061224,0.478261,0.976035,0.333333,0.648649,0.001785,0.958333,0.657143,Gold
0.011669,1,0.190476,0.902174,0.148148,0.333333,0.432432,0.012073,0.916667,0.528571,Silver
0.015348,1,0.013605,0.771739,0.630719,0.333333,0.783784,0.015285,0.34375,0.471429,Silver
0.002056,1,0.568027,0.793478,0.923747,0.333333,0.513514,0.002488,0.96875,0.828571,Platinum
0.003286,1,0.081633,0.652174,0.625272,0.333333,0.702703,0.003691,0.395833,0.528571,Silver
0.014869,0.116279,0.112245,0.021739,0.173203,0.333333,0.72973,0.015213,0.114583,0.071429,Bronze
0.040571,1,0.312925,0.652174,0.643791,0.333333,0.702703,0.039594,0.364583,0.485714,Silver
0.003855,1,0.282313,0.858696,0.619826,1,0.594595,0.00426,0.385417,0.628571,Gold
0.033522,1,0.037415,0.73913,0.480392,0.333333,0.702703,0.031952,0.947917,0.528571,Silver
0.004838,0.465116,0.214286,0.456522,0.320261,0,0.459459,0.004166,0.96875,0.428571,Bronze
0.01142,0.837209,0.357143,0.695652,0.591503,0.666667,0.594595,0.011561,0,0.428571,Bronze
0.001763,1,0.462585,0.793478,0.766885,0.333333,0.675676,0.001005,0.916667,0.842857,Platinum
0.012477,0.837209,0.159864,0.543478,0.407407,0.333333,0.594595,0.00826,0.09375,0.342857,Bronze
0.002617,1,0.455782,0.858696,0.876906,0.333333,0.594595,0.003051,0.9375,0.8,Platinum
0.009161,0.813953,0.207483,0.76087,0.108932,0.666667,0.837838,0.008859,0.041667,0.357143,Bronze
0.002121,1,0.255102,0.956522,0.93573,0.333333,0,0.002527,0.052083,0.585714,Gold
0.06385,1,0.122449,0.695652,0.586057,0.333333,0.702703,0.063399,0.885417,0.542857,Silver
0.018545,1,0.261905,0.880435,0.464052,1,0.702703,0.018466,0.59375,0.585714,Gold
0.024415,0.860465,0.085034,0.75,0.145969,0.333333,0.513514,0.010461,0.895833,0.442857,Silver
0.016476,0.197674,0.153061,0.119565,0.732026,0.333333,0.891892,0.016518,0.083333,0.214286,Bronze
0.000651,1,0.037415,0.543478,0.762527,0.333333,0.459459,0.001089,0.083333,0.571429,Silver
0.003989,1,0.367347,0.793478,0.620915,0.333333,0.108108,0.003717,0.989583,0.671429,Gold
0.002609,1,0.537415,0.793478,0.897604,0.333333,0.594595,0.003041,1,0.814286,Platinum
0.003766,1,0.204082,0.891304,0.614379,1,0.702703,0.002033,0.072917,0.6,Gold
0.006434,0.744186,0.238095,0.402174,0.567538,0,0.702703,0.003008,0.385417,0.428571,Bronze
0.001545,1,0.07483,0.695652,0.785403,0.333333,0.594595,0.000976,0.3125,0.628571,Gold
0.005488,0.569767,0.153061,0.195652,0.828976,0.333333,0.837838,0.005903,0.364583,0.4,Bronze
0.00192,0.837209,0.632653,0.695652,0.868192,0.666667,0.594595,0.002309,0.083333,0.657143,Gold
0.096065,0.686047,0.010204,0.391304,0.529412,0.333333,0.702703,0.096462,0.947917,0.414286,Bronze
0.00749,1,0.05102,0.793478,0.632898,0.333333,0.675676,0.006826,0.927083,0.614286,Gold
0.001931,0.581395,0.153061,0.467391,0.830065,1,0.594595,0.002282,0.020833,0.485714,Silver
0.008006,0.127907,0.173469,0.130435,0.519608,0.666667,0.702703,0.006722,0.979167,0.385714,Bronze
0.002744,0.488372,0.170068,0.445652,0.747277,0.333333,0.513514,0.000201,0.916667,0.657143,Gold
0.002408,0.802326,0.517007,0.467391,0.866013,0.666667,0.702703,0.002325,0.614583,0.685714,Gold
0.009012,1,0.653061,0.652174,0.810458,1,0.702703,0.009415,0.041667,0.6,Gold
0.013213,0.593023,0.071429,0.543478,0.17756,0.666667,0.675676,0.01275,0.09375,0.257143,Bronze
0.022677,1,0.248299,0.652174,0.669935,0.333333,0.702703,0.020992,0.364583,0.485714,Silver
0.096065,0.686047,0.010204,0.391304,0.529412,0.333333,0.702703,0.096462,0.947917,0.414286,Bronze
0.002907,1,0.034014,0.73913,0.830065,0.333333,0.594595,0.003323,0.916667,0.671429,Gold
0.003682,1,0.367347,0.815217,0.740741,0.333333,0.108108,0.003095,0.885417,0.685714,Gold
0.045452,1,0.346939,0.826087,0.71024,1,0.702703,0.043171,0.9375,0.685714,Gold
0.002879,1,0.047619,0.695652,0.786492,0.333333,0.702703,0.003301,0.916667,0.671429,Gold
0.016658,1,0.159864,0.945652,0.057734,0.666667,0,0.009459,0.041667,0.328571,Bronze
0.013762,0.802326,0.357143,0.652174,0.624183,1,0.459459,0.013968,0.572917,0.542857,Silver
0.002782,0.895349,0.020408,0.652174,0.727669,0.333333,0.540541,0.002683,0.958333,0.628571,Gold
0.758719,0.988372,0.027211,0.652174,0.625272,0.333333,0.702703,0.758045,0.416667,0.428571,Bronze
0.019063,0.151163,0.013605,0.130435,0.559913,1,0.648649,0.006146,0.916667,0.357143,Bronze
0.012738,0.837209,0.14966,0.543478,0.406318,0.333333,0.702703,0.009138,0.114583,0.342857,Bronze
0.005474,0.744186,0.193878,0.652174,0.551198,0.666667,0.702703,0.003472,0.96875,0.614286,Gold
0.095748,0.488372,0.003401,0.108696,0.358388,0.333333,0.648649,0.096145,0.072917,0.128571,Bronze
0.007235,1,0.272109,0.956522,0.698257,1,0.378378,0.006961,0.614583,0.657143,Gold
0.007028,1,0.057823,0.695652,0.568627,0.333333,0.594595,0.006439,0.96875,0.585714,Gold
0.022091,0.906977,0.027211,0.73913,0.279956,0.666667,0,0.014084,0.90625,0.442857,Silver
0.003896,0.755814,0.054422,0.402174,0.663399,0,0.702703,0.001114,0.395833,0.471429,Silver
0.089439,0.802326,0.020408,0.467391,0.729847,0.333333,0.891892,0.089514,0.020833,0.314286,Bronze
0.00885,1,0.27551,0.826087,0.582789,0.333333,0.702703,0.007473,0.947917,0.642857,Gold
0.001708,0.837209,0.272109,0.543478,0.799564,0.333333,0.702703,0.002146,0.385417,0.6,Gold
0.003709,1,0.908163,0.652174,0.885621,0.666667,0.378378,0.003886,0.583333,0.757143,Platinum
0.002928,1,0.768707,0.826087,0.860566,1,0.702703,0.003333,0.083333,0.728571,Platinum
0.005903,0.593023,0.112245,0.434783,0.486928,0,0.891892,0.003015,0.34375,0.371429,Bronze
0.004392,1,0.92517,0.826087,0.83878,1,0.702703,0.004829,0.083333,0.728571,Platinum
0.006496,0.627907,0.044218,0.619565,0.66122,0.333333,0.216216,0.005653,0.09375,0.328571,Bronze
0.001941,1,0.285714,0.597826,0.813725,0.333333,0.702703,0.002184,0.010417,0.571429,Silver
0.002334,0.5,0.088435,0.402174,0.744009,1,0.459459,0.002748,0.604167,0.514286,Silver
0.024043,1,0.241497,0.771739,0.423747,0.333333,0.837838,0.024,0.09375,0.414286,Bronze
0.011322,1,0.278912,0.858696,0.432462,1,0.702703,0.01174,0.0625,0.485714,Silver
0.006979,0.744186,0.248299,0.652174,0.35403,0.666667,0.702703,0.007301,0.03125,0.385714,Bronze
0.015792,1,0.047619,0.934783,0.077342,0.333333,0.648649,0.003091,0.916667,0.542857,Silver
0.012767,1,0.044218,0.902174,0.153595,0.333333,0.432432,0.013044,0.989583,0.514286,Silver
0.004962,0.837209,0.20068,0.695652,0.681917,0.666667,0.702703,0.003415,0.0625,0.485714,Silver
0.012574,0.94186,0.05102,0.847826,0.187364,0.333333,0.432432,0.012821,0.989583,0.5,Silver
0.004871,0.139535,0.142857,0.032609,0.271242,0.333333,0.648649,0.005226,0.0625,0.128571,Bronze
0.004872,1,0.452381,0.891304,0.563181,1,0.513514,0.004577,0.09375,0.585714,Gold
0.003145,0.139535,0.309524,0.032609,0.889978,0.333333,0.756757,0.003377,0.114583,0.328571,Bronze
0.004376,0.697674,0.081633,0.619565,0.683007,0.666667,0.594595,0.003561,0.947917,0.6,Gold
0.002863,0.802326,0.044218,0.467391,0.640523,0.666667,0.648649,0.002976,0.09375,0.428571,Bronze
0.005141,0.604651,0.034014,0.336957,0.432462,0.666667,0.837838,0.0029,0.09375,0.328571,Bronze
0.003888,0.674419,0.312925,0.543478,0.746187,1,0.702703,0.003935,0.947917,0.657143,Gold
0.002418,0.860465,0.095238,0.597826,0.769063,0.333333,0.594595,0.001089,0.427083,0.585714,Gold
0.012348,0.523256,0.142857,0.478261,0.065359,0.333333,0.594595,0.011375,0.34375,0.257143,Bronze
0.008557,1,0.193878,0.652174,0.507625,0.333333,0.702703,0.008992,0.03125,0.414286,Bronze
0.01264,0.837209,0.343537,0.695652,0.546841,0.666667,0.702703,0.003626,0.979167,0.642857,Gold
0.000662,0.302326,0.068027,0.076087,0.888889,0.333333,0.540541,0.001043,0.614583,0.514286,Silver
0.007071,1,0.204082,0.902174,0.111111,0.333333,0.513514,0.007498,0.90625,0.542857,Silver
0.011583,1,0.302721,0.826087,0.657952,0.333333,0.513514,0.007649,0.979167,0.657143,Gold
0.002554,0.534884,0.272109,0.445652,0.791939,0,0.594595,0.000309,0.364583,0.571429,Silver
0.011854,0.406977,0.057823,0.217391,0.38671,0.666667,0.378378,0.012033,0.989583,0.357143,Bronze
0.002765,0.802326,0.79932,0.467391,0.933551,0.666667,0.891892,0.003073,0.614583,0.757143,Platinum
0.01786,0.116279,0,0.021739,0.656863,0.333333,0.891892,0.017177,0.020833,0.128571,Bronze
0.009478,0.895349,0.295918,0.815217,0.417211,1,0.594595,0.009734,0.59375,0.557143,Silver
0.004392,0.802326,0.687075,0.467391,0.78976,0.666667,0.891892,0.004797,0.0625,0.571429,Silver
0.003579,1,0.479592,0.597826,0.732026,0.333333,0.810811,0.003669,0.114583,0.571429,Silver
0.013185,0.488372,0.20068,0.282609,0.373638,0.333333,0.810811,0.013301,0.0625,0.242857,Bronze
0.005759,1,0.20068,0.652174,0.589325,0.333333,0.594595,0.004016,0.927083,0.614286,Gold
0.002125,1,0.469388,0.869565,0.888889,0.333333,0.513514,0.002563,0.958333,0.814286,Platinum
0.003568,0.569767,0.231293,0.467391,0.772331,1,0.702703,0.003929,0.916667,0.614286,Gold
0.002238,1,0.173469,0.902174,0.818083,1,0.702703,0.001701,0.104167,0.657143,Gold
0.004119,1,0.384354,0.793478,0.6122,0.333333,0.108108,0.003834,0.96875,0.671429,Gold
0.016235,1,0.156463,0.652174,0.703704,0.333333,0.594595,0.014976,0.40625,0.485714,Silver
0.018862,1,0.003401,0.880435,0.6939,0.333333,0.594595,0.004211,0.927083,0.614286,Gold
0.007219,1,0.091837,0.956522,0.575163,0.333333,0.648649,0.003158,0.895833,0.642857,Gold
0.012458,1,0.12585,0.880435,0.149237,0.333333,0.513514,0.012821,0.916667,0.514286,Silver
0.005824,1,0.513605,0.826087,0.513072,1,0.702703,0.006228,0.020833,0.557143,Silver
0.002505,1,0.520408,0.793478,0.834423,0.333333,0.513514,0.002943,0.927083,0.785714,Platinum
0.020585,1,0.02381,0.619565,0.180828,0.333333,0.432432,0.013553,0.895833,0.442857,Silver
0.029705,1,0.159864,0.695652,0.593682,0.333333,0.702703,0.028537,0.947917,0.571429,Silver
0.010314,1,0.353741,0.771739,0.727669,0.666667,0.891892,0.008748,0.229167,0.571429,Silver
0.045346,1,0.020408,0.771739,0.369281,0.333333,0.702703,0.04283,0.40625,0.414286,Bronze
0.007467,0.267442,0.030612,0.119565,0.205882,0.666667,0.297297,0.00735,0.052083,0.114286,Bronze
0.003416,0.674419,0.639456,0.23913,0.77451,0.333333,1,0.003577,0.03125,0.485714,Silver
0.003444,0.651163,0.183673,0.597826,0.784314,0.666667,0.702703,0.002654,0.125,0.5,Silver
0.011028,1,0.078231,0.923913,0.255991,0.333333,0.432432,0.011016,0.927083,0.528571,Silver
0.00266,1,0.105442,0.858696,0.826797,0.333333,0.594595,0.00286,0.979167,0.728571,Platinum
0.00924,1,0.153061,0.652174,0.48366,0.333333,0.702703,0.00961,0.375,0.457143,Silver
0.007113,0.651163,0.136054,0.597826,0.45207,0.666667,0.594595,0.003305,0.989583,0.542857,Silver
0.005054,0.569767,0.357143,0.467391,0.749455,1,0.297297,0.00536,0.083333,0.428571,Bronze
0.002831,1,0.510204,0.771739,0.867102,0.333333,0.702703,0.003252,0.916667,0.785714,Platinum
0.45867,0.883721,0.017007,0.597826,0.438998,0.333333,0.594595,0.455178,0.895833,0.442857,Silver
0.00303,1,0.193878,0.902174,0.810458,0.333333,0.297297,0.003396,0.854167,0.7,Gold
0.099807,0.988372,0.085034,0.73913,0.485839,0.333333,0.837838,0.099053,0.052083,0.371429,Bronze
0.007451,0.837209,0.187075,0.543478,0.465142,0.333333,0.783784,0.004033,0,0.371429,Bronze
0.004962,0.755814,0.088435,0.532609,0.485839,0.333333,0.594595,0.004155,0.041667,0.357143,Bronze
0.012276,0.569767,0.282313,0.336957,0.481481,0.666667,0.945946,0.012569,0.083333,0.328571,Bronze
0.00192,0.837209,0.285714,0.543478,0.831155,0.333333,0.702703,0.002325,0.34375,0.6,Gold
0.002509,1,0.455782,0.847826,0.845316,0.333333,0.513514,0.002943,0.40625,0.685714,Gold
0.002538,0.837209,0.312925,0.543478,0.8061,0.333333,0.702703,0.002927,0.375,0.571429,Silver
0.008678,1,0.207483,0.880435,0.408497,0.333333,0.378378,0.009022,0.916667,0.585714,Gold
0.002627,1,0.418367,0.771739,0.762527,0.333333,0.594595,0.003057,0.927083,0.757143,Platinum
0.011283,0.976744,0.091837,0.48913,0.816993,0.666667,0.594595,0.011594,0.354167,0.471429,Silver
0.032286,1,0.064626,0.73913,0.58061,0.333333,0.702703,0.031627,0.354167,0.442857,Silver
0.231839,0.825581,0.017007,0.891304,0.284314,0.333333,0.513514,0.232164,0.916667,0.457143,Silver
0.006881,0.837209,0.309524,0.695652,0.632898,0.666667,0.513514,0.003789,0.895833,0.628571,Gold
0.000163,1,0.064626,0.804348,0.775599,0.333333,0,0.000211,0.416667,0.771429,Platinum
0.002896,1,0.040816,0.73913,0.80719,0.333333,0.702703,0.00329,0.958333,0.685714,Gold
0.006324,0.569767,0.268707,0.543478,0.143791,0.666667,0.594595,0.004892,0.114583,0.314286,Bronze
0.0136,1,0.391156,0.652174,0.697168,0.333333,0.702703,0.012667,0.90625,0.628571,Gold
0.002619,1,0.054422,0.695652,0.672113,0.333333,0.594595,0.002585,0.989583,0.671429,Gold
0.013517,1,0.163265,0.923913,0.330065,0.333333,0.297297,0.009954,0.333333,0.442857,Silver
0.003904,1,0.986395,0.826087,0.959695,1,0.702703,0.004342,0.072917,0.771429,Platinum
0.001115,0.348837,0.132653,0.195652,0.851852,0.666667,0.837838,0.001452,0.083333,0.457143,Silver
0.00066,0.581395,0.380952,0.5,0.892157,0.333333,0.594595,0.000994,0.40625,0.671429,Gold
0.007613,0.651163,0.091837,0.423913,0.413943,0,0.702703,0.002943,0.385417,0.357143,Bronze
0.002733,1,0.595238,0.652174,0.821351,0.666667,0.783784,0.002715,0.052083,0.642857,Gold
0.007602,0.697674,0.112245,0.619565,0.408497,0.666667,0.594595,0.003447,0.96875,0.542857,Silver
0.008231,0.802326,0.530612,0.467391,0.766885,0.666667,0.648649,0.008016,0.104167,0.485714,Silver
0.046151,1,0.078231,0.695652,0.518519,0.333333,0.702703,0.044846,0.427083,0.442857,Silver
0.054561,0.686047,0.122449,0.695652,0.610022,0.666667,0.891892,0.048619,0.645833,0.485714,Silver
0.00462,1,0.595238,0.826087,0.668845,1,0.702703,0.005024,0.072917,0.628571,Gold
0.027546,1,0.251701,0.73913,0.461874,0.333333,0.513514,0.012613,0.947917,0.571429,Silver
0.002229,0.755814,0.068027,0.532609,0.72549,0.333333,0.702703,0.000561,0.90625,0.685714,Gold
0.000976,0.837209,0.693878,0.695652,0.883442,0.666667,0.702703,0.001382,0.052083,0.728571,Platinum
0.001659,1,0.744898,0.771739,0.960784,0.333333,0.378378,0.001211,0.333333,0.785714,Platinum
0.002798,0.767442,0.05102,0.532609,0.653595,0.333333,0.378378,0,0.416667,0.614286,Gold
0.003709,0.976744,0.891156,0.652174,0.966231,1,0.702703,0.004114,0.09375,0.728571,Platinum
0.106429,0.872093,0.003401,0.467391,0.61329,0.333333,0.702703,0.014099,0.40625,0.371429,Bronze
0.016549,1,0.034014,0.934783,0.221133,0.333333,0.432432,0.011209,0.90625,0.514286,Silver
0.052317,1,0.153061,0.652174,0.495643,0.333333,0.702703,0.051302,0.958333,0.542857,Silver
0.005401,1,0.418367,0.652174,0.566449,0.666667,0.189189,0.005805,0.90625,0.628571,Gold
0.00937,0.813953,0.357143,0.467391,0.785403,0.666667,0.594595,0.00974,0.104167,0.457143,Silver
0.483635,0.488372,0.013605,0.25,0.579521,0.666667,0.459459,0.483757,0.072917,0.2,Bronze
